{
    "close_fan_the_first_x_layers": [
        "2"
    ],
    "complete_print_exhaust_fan_speed": [
        "90"
    ],
    "default_filament_colour": [
        "#830096"
    ],
    "filament_flow_ratio": [
        "0.98"
    ],
    "filament_settings_id": [
        "OTPETGBasicE3Pro"
    ],
    "from": "User",
    "hot_plate_temp": [
        "81"
    ],
    "hot_plate_temp_initial_layer": [
        "85"
    ],
    "inherits": "OVERTURE PETG Basic @Creality Ender-3 Pro 0.4 nozzle",
    "is_custom_defined": "0",
    "name": "OTPETGBasicE3Pro",
    "nozzle_temperature": [
        "235"
    ],
    "nozzle_temperature_initial_layer": [
        "245"
    ],
    "nozzle_temperature_range_high": [
        "250"
    ],
    "nozzle_temperature_range_low": [
        "235"
    ],
    "overhang_fan_speed": [
        "95"
    ],
    "version": "2.1.0.1"
}
