{
    "compatible_printers": [
        "Creality K1C 0.6 nozzle"
    ],
    "default_filament_colour": [
        "#996633"
    ],
    "filament_max_volumetric_speed": [
        "35"
    ],
    "filament_settings_id": [
        "PolyTerra PLA @6mm"
    ],
    "from": "User",
    "hot_plate_temp": [
        "50"
    ],
    "inherits": "PolyTerra PLA @System",
    "is_custom_defined": "0",
    "name": "PolyTerra PLA @6mm",
    "nozzle_temperature": [
        "215"
    ],
    "textured_plate_temp": [
        "50"
    ],
    "version": "2.3.0.3"
}
